{
  "version": 1,
  "author": "Anonymous maker",
  "editor": "wokwi",
  "parts": [
    { "type": "board-esp32-devkit-c-v4", "id": "esp", "top": 67.2, "left": -369.56, "attrs": {} },
    {
      "type": "wokwi-led",
      "id": "led1",
      "top": -109.2,
      "left": -130.6,
      "attrs": { "color": "red" }
    },
    {
      "type": "wokwi-led",
      "id": "led2",
      "top": -109.2,
      "left": 99.8,
      "attrs": { "color": "green" }
    },
    {
      "type": "wokwi-led",
      "id": "led3",
      "top": -109.2,
      "left": -15.4,
      "attrs": { "color": "yellow" }
    },
    {
      "type": "wokwi-resistor",
      "id": "r1",
      "top": -14.4,
      "left": -134.95,
      "rotate": 90,
      "attrs": { "value": "1000" }
    },
    {
      "type": "wokwi-resistor",
      "id": "r2",
      "top": -14.4,
      "left": -19.75,
      "rotate": 90,
      "attrs": { "value": "1000" }
    },
    {
      "type": "wokwi-resistor",
      "id": "r3",
      "top": -14.4,
      "left": 95.45,
      "rotate": 90,
      "attrs": { "value": "1000" }
    },
    { "type": "wokwi-hc-sr04", "id": "ultrasonic1", "top": -113.7, "left": 389.5, "attrs": {} }
  ],
  "connections": [
    [ "esp:TX", "$serialMonitor:RX", "", [] ],
    [ "esp:RX", "$serialMonitor:TX", "", [] ],
    [ "esp:GND.2", "led2:C", "black", [ "v0", "h384", "v-163.2" ] ],
    [ "led2:A", "r3:1", "green", [ "v0" ] ],
    [ "led3:A", "r2:1", "green", [ "v0" ] ],
    [ "led1:A", "r1:1", "green", [ "v0" ] ],
    [ "esp:GND.2", "led3:C", "black", [ "v0", "h268.8" ] ],
    [ "esp:GND.2", "led1:C", "black", [ "v0", "h153.6" ] ],
    [ "esp:5V", "ultrasonic1:VCC", "red", [ "h-47.85", "v38.4", "h854.4" ] ],
    [ "esp:GND.3", "ultrasonic1:GND", "black", [ "h0" ] ],
    [ "esp:5", "ultrasonic1:TRIG", "green", [ "h0" ] ],
    [ "esp:18", "ultrasonic1:ECHO", "green", [ "h0" ] ],
    [ "esp:12", "r1:2", "green", [ "v0", "h-105.45", "v-182.4", "h0" ] ],
    [ "esp:13", "r2:2", "green", [ "h-86.25", "v-201.6", "h460.8" ] ],
    [ "esp:14", "r3:2", "green", [ "h-67.05", "v-172.8", "h556.8" ] ]
  ],
  "dependencies": {}
}